published,title,source,category,importance,summary,why_it_matters,link
"Tue, 30 Jun 2026 18:13:02 +0000","Nvidia competitor Etched hits $5B valuation, $1B in sales for AI chip",AI News & Artificial Intelligence | TechCrunch,Hardware,9,"Etched, a competitor to Nvidia in the AI chip market, has achieved a $5 billion valuation. The company has already secured $1 billion in contracts for its AI inference systems powered by its new chip.","This signifies the emergence of a strong contender in the critical AI hardware sector, challenging Nvidia's market dominance. It promises increased competition, potentially leading to more diverse and affordable AI chip solutions.",https://techcrunch.com/2026/06/30/nvidia-competitor-etched-hits-5b-valuation-1b-in-sales-for-ai-chip/
"Wed, 01 Jul 2026 14:25:23 +0000",Venice AI becomes a unicorn with $65M Series A as its privacy-first AI platform takes off,AI News & Artificial Intelligence | TechCrunch,Funding,8,"Venice AI achieved unicorn status with a $65M Series A funding round. The company is already profitable, reporting over $70 million in annualized run-rate revenues. It specializes in a privacy-first AI platform.",This significant funding and profitability underscore strong market demand for privacy-focused AI solutions. It highlights investor confidence and Venice AI's rapid growth in the competitive AI landscape.,https://techcrunch.com/2026/07/01/venice-ai-becomes-a-unicorn-with-65m-series-a-as-its-privacy-first-ai-platform-takes-off/
"Tue, 30 Jun 2026 18:00:00 +0000",Anthropic launches Claude Sonnet 5 as a cheaper way to run agents,AI News & Artificial Intelligence | TechCrunch,LLM,8,"Anthropic has released Claude Sonnet 5, offering enhanced agentic capabilities, improved safety, and lower pricing. It is positioned as a more affordable alternative to leading models like Opus, GPT-5.5, and Gemini Pro.","This provides a more cost-effective solution for deploying powerful AI agents, broadening access to advanced functionalities. It intensifies competition among major LLM providers based on both performance and pricing.",https://techcrunch.com/2026/06/30/anthropic-launches-claude-sonnet-5-as-a-cheaper-way-to-run-agents/
"Wed, 01 Jul 2026 02:04:40 +0000",Wayve launches $85M employee tender offer at $8.5B valuation,AI News & Artificial Intelligence | TechCrunch,Funding,7,"AI startup Wayve has initiated an $85 million employee tender offer, valuing the company at $8.5 billion. This move reflects a growing trend among AI companies to use tender offers as a strategic tool.",This high valuation for an AI company demonstrates strong market confidence and growth in the sector. Employee tender offers are increasingly crucial for attracting and retaining top talent in the competitive AI industry.,https://techcrunch.com/2026/06/30/wayve-launches-85m-employee-tender-offer-at-8-5b-valuation/
"Wed, 01 Jul 2026 02:16:06 +0000",Trump drops restrictions on Anthropic’s Mythos and Fable models,AI News & Artificial Intelligence | TechCrunch,Regulation,7,"The Trump administration has lifted restrictions on Anthropic's Mythos and Fable AI models. This decision follows an period of 'erratic' AI policymaking, which had created uncertainty across the industry.","This event highlights the unpredictable nature of government regulation on AI development and deployment. It directly impacts the market entry and availability of advanced AI models, affecting innovation.",https://techcrunch.com/2026/06/30/trump-drops-restrictions-on-anthropics-mythos-and-fable-models/
"Wed, 01 Jul 2026 13:43:07 +0000","Meta, like SpaceX, looks to turn excess AI compute into cash",AI News & Artificial Intelligence | TechCrunch,Enterprise,7,"Meta is exploring plans to launch a cloud infrastructure business, offering access to its AI compute power and models. This strategic move would position Meta as a direct competitor to major cloud providers such as AWS, Google Cloud, and Microsoft Azure.",This signifies a major strategic shift for Meta into the lucrative AI infrastructure market. It could intensify competition among cloud providers and potentially reduce costs for AI development across the industry.,https://techcrunch.com/2026/07/01/meta-like-spacex-looks-to-turn-excess-ai-compute-into-cash/
"Tue, 30 Jun 2026 20:33:48 +0000",The DeepMind trio who built a poker AI are now making money for quant hedge funds,AI News & Artificial Intelligence | TechCrunch,Startup,7,"EquiLibre Technologies, an AI lab founded by three former DeepMind researchers in Prague, is now valued at over $500 million. They are applying their expertise in building poker AI to generate profits for quantitative hedge funds.","This demonstrates the significant commercial value and diverse applications of advanced AI research in the finance sector. It highlights the successful transition of top AI talent into new, highly lucrative ventures.",https://techcrunch.com/2026/06/30/the-deepmind-trio-who-built-a-poker-ai-are-now-making-money-for-quant-hedge-funds/
"Tue, 30 Jun 2026 19:02:38 +0000","Google introduces a faster, cheaper image generator with Nano Banana 2 Lite",AI News & Artificial Intelligence | TechCrunch,Enterprise,6,"Google has launched an update to its image generator, Nano Banana 2 Lite, making it faster and more affordable. This enhancement aims to provide a more efficient tool for creators generating AI content.","This improvement makes AI image generation more accessible and cost-effective for a wider audience. It drives innovation in creative AI tools, benefiting users seeking efficient content creation solutions.",https://techcrunch.com/2026/06/30/google-introduces-a-faster-cheaper-image-generator-with-nano-banana-2-lite/
"Wed, 01 Jul 2026 14:20:19 +0000","Gemini Spark, Google’s agentic assistant, is now available on Mac",AI News & Artificial Intelligence | TechCrunch,LLM,6,"Google's 24/7 agentic assistant, Gemini Spark, is now accessible on Mac. This release includes new features like real-time tracking and expanded app support. It brings advanced AI capabilities to Apple users.",Expanding Gemini Spark to Mac increases its user base and utility across platforms. This move enhances productivity for Mac users by integrating powerful AI agent capabilities directly into their workflow.,https://techcrunch.com/2026/07/01/gemini-spark-googles-agentic-assistant-is-now-available-on-mac/
"Tue, 30 Jun 2026 21:53:28 +0000",OpenClaw is finally available on Android and iOS,AI News & Artificial Intelligence | TechCrunch,Open Source,6,"OpenClaw, a free and open-source agentic program, is now accessible on both Android and iOS devices. This marks its invasion onto mobile phones, making advanced AI agent capabilities widely available.","This expands the reach and adoption of open-source AI agent technology to a broad mobile user base. It empowers smartphone users with sophisticated AI capabilities without cost barriers, fostering innovation.",https://techcrunch.com/2026/06/30/openclaw-is-finally-available-on-android-and-ios/
"Tue, 30 Jun 2026 17:52:46 +0000",Acti puts AI agents directly into your smartphone keyboard,AI News & Artificial Intelligence | TechCrunch,Startup,6,"Acti, a new startup, is integrating AI agents directly into smartphone keyboards for both iOS and Android. This innovative keyboard allows users to create custom AI-powered shortcuts using natural language across all apps.",This introduces a novel and highly accessible method for users to interact with AI agents on their mobile devices. It has the potential to significantly enhance smartphone productivity and user experience through seamless AI integration.,https://techcrunch.com/2026/06/30/acti-puts-ai-agents-directly-into-your-smartphone-keyboard/
"Wed, 01 Jul 2026 16:00:00 +0000",New York City educators and industry leaders gathered at Google’s offices to shape the future of AI in classrooms.,AI,Other,5,"Google, the New York Jobs CEO Council, and Urban Assembly co-hosted an AI summit. The event brought together 150 education and industry leaders in NYC to discuss the future integration of AI in classrooms.","This initiative is crucial for responsibly integrating AI into educational frameworks, preparing future generations for an AI-driven world. It fosters essential collaboration between industry and education to guide AI's societal impact.",https://blog.google/products-and-platforms/products/education/nyc-ai-summit/
"Wed, 01 Jul 2026 14:00:00 +0000",Builders Stage agenda revealed: Practical strategies for scaling startups at TechCrunch Disrupt 2026,AI News & Artificial Intelligence | TechCrunch,Other,4,"The Builders Stage returns to TechCrunch Disrupt 2026, gathering 10,000+ founders, operators, and investors. The event focuses on practical strategies and Q&A sessions for building and scaling successful companies. Attendees can register now to save up to $330.","This event provides a crucial platform for knowledge sharing and networking within the startup ecosystem. It's vital for fostering growth and development of new companies, including those in the AI sector.",https://techcrunch.com/2026/07/01/builders-stage-agenda-revealed-practical-strategies-for-scaling-startups-at-techcrunch-disrupt-2026/
"Wed, 01 Jul 2026 03:15:37 +0000",The ‘Father of the Internet’ is finally retiring,AI News & Artificial Intelligence | TechCrunch,Other,3,"Vinton Cerf, renowned as one of the creators of the foundational internet protocols, is retiring. He will step down from his role as Google's chief internet evangelist next week.","This marks the retirement of a pivotal figure who laid the groundwork for modern digital infrastructure. While not directly AI news, his contributions are fundamental to the technologies AI relies upon.",https://techcrunch.com/2026/06/30/the-father-of-the-internet-is-finally-retiring/
